City_ID,City,Lat,Lng,Max Temp,Humidity,Cloudiness,Wind Speed,Country,Date
0,blackmans bay,-43.0167,147.3167,48.69,77,100,4.07,AU,1690401661
1,mossel bay,-34.1831,22.146,55.33,79,35,4.07,ZA,1690401661
2,iqaluit,63.7506,-68.5145,49.73,71,75,3.44,CA,1690401493
3,invercargill,-46.4,168.35,42.58,70,100,13.67,NZ,1690401662
4,waitangi,-43.9535,-176.5597,49.32,54,100,18.92,NZ,1690401662
5,mangai,-4.05,19.5333,81.86,36,62,1.14,CD,1690401662
6,klyuchi,52.2667,79.1667,73.62,34,100,7.18,RU,1690401457
7,nago,26.5881,127.9761,83.25,87,100,15.12,JP,1690401456
8,kodiak,57.79,-152.4072,56.71,88,100,5.75,US,1690401664
9,denia,38.8408,0.1057,82.74,78,0,7.0,ES,1690401665
10,sinfra,6.6167,-5.9167,73.87,97,42,3.76,CI,1690401665
11,grytviken,-54.2811,-36.5092,31.08,98,100,9.64,GS,1690401665
12,bethel,41.3712,-73.414,89.02,65,24,3.0,US,1690401609
13,ponta delgada,37.7333,-25.6667,75.92,69,20,4.61,PT,1690401666
14,edinburgh of the seven seas,-37.0676,-12.3116,50.29,62,73,20.4,SH,1690401666
15,port mathurin,-19.6833,63.4167,74.75,78,47,13.71,MU,1690401666
16,salinopolis,-0.6136,-47.3561,82.36,76,36,12.3,BR,1690401502
17,aasiaat,68.7098,-52.8699,38.88,88,21,8.79,GL,1690401666
18,oliveira dos brejinhos,-12.3169,-42.8961,85.01,26,14,9.33,BR,1690401667
19,kone,-21.0595,164.8658,58.86,71,2,4.5,NC,1690401667
20,lazaro cardenas,17.9583,-102.2,89.6,55,33,11.21,MX,1690401667
21,pavlodar,52.3,76.95,71.4,37,0,8.95,KZ,1690401667
22,ebon,4.582,168.6964,79.93,84,100,9.73,MH,1690401668
23,taoudenni,22.6783,-3.9836,108.84,10,35,8.57,ML,1690401499
24,castillos,-34.1667,-53.8333,53.17,81,96,15.37,UY,1690401452
25,avarua,-21.2078,-159.775,71.65,88,20,1.14,CK,1690401668
26,paita,-5.0892,-81.1144,76.48,69,50,15.55,PE,1690401669
27,ilulissat,69.2167,-51.1,47.84,57,2,6.58,GL,1690401669
28,susuman,62.7833,148.1667,51.17,88,100,4.5,RU,1690401669
29,port-aux-francais,-49.35,70.2167,41.25,80,78,40.85,TF,1690401669
30,fada,9.5667,8.3,71.15,91,95,2.51,NG,1690401670
31,lihue,21.9789,-159.3672,81.64,77,68,13.91,US,1690401670
32,tiksi,71.6872,128.8694,42.49,78,33,4.68,RU,1690401671
33,margaret river,-33.95,115.0667,55.27,66,100,19.15,AU,1690401671
34,raja,8.4596,25.678,70.3,93,100,1.19,SS,1690401671
35,hamilton,39.1834,-84.5333,92.77,63,60,4.0,US,1690401671
36,tortoli,39.9256,9.6572,78.62,29,0,13.8,IT,1690401672
37,rio rancho,35.2334,-106.6645,103.48,16,40,5.99,US,1690401462
38,sinabang,2.4803,96.3801,79.68,84,100,2.37,ID,1690401672
39,adamstown,-25.066,-130.1015,67.71,68,100,18.45,PN,1690401673
40,pale,43.8161,18.5694,56.95,93,75,4.61,BA,1690401673
41,valparaiso,-33.0393,-71.6273,61.03,70,0,9.22,CL,1690401583
42,punta arenas,-53.15,-70.9167,35.94,68,38,13.87,CL,1690401561
43,gisborne,-38.6533,178.0042,39.92,78,42,8.55,NZ,1690401674
44,whitehorse,60.7161,-135.0538,66.81,63,75,1.99,CA,1690401674
45,puerto natales,-51.7236,-72.4875,34.29,91,99,3.62,CL,1690401674
46,fort st. john,56.2499,-120.8529,58.89,82,100,12.66,CA,1690401649
47,yellowknife,62.456,-114.3525,75.72,33,40,17.27,CA,1690401542
48,yuanping,38.7153,112.7575,68.61,85,44,1.66,CN,1690401674
49,jamestown,42.097,-79.2353,86.02,50,40,12.66,US,1690401638
50,sitka,57.0531,-135.33,58.89,82,100,5.75,US,1690401675
51,bardai,11.65,7.2333,81.57,60,99,8.03,NG,1690401675
52,bilibino,68.0546,166.4372,50.63,73,17,3.62,RU,1690401675
53,port lincoln,-34.7333,135.8667,55.87,53,3,15.48,AU,1690401502
54,puerto ayora,-0.7393,-90.3518,87.76,88,85,10.0,EC,1690401676
55,lebu,-37.6167,-73.65,51.21,76,100,7.16,CL,1690401676
56,vilyuchinsk,52.9306,158.4028,59.27,77,100,1.74,RU,1690401676
57,nouadhibou,20.931,-17.0347,73.38,73,73,17.27,MR,1690401593
58,tabou,4.423,-7.3528,76.37,91,38,7.63,CI,1690401676
59,yerofey pavlovich,53.9667,121.9667,59.38,95,33,3.27,RU,1690401677
60,mersa matruh,31.3525,27.2453,82.6,74,0,9.22,EG,1690401677
61,tolanaro,-25.0319,46.9987,68.07,68,40,13.8,MG,1690401677
62,awjilah,29.1081,21.2869,93.42,19,0,13.06,LY,1690401484
63,new norfolk,-42.7826,147.0587,49.87,95,100,2.86,AU,1690401678
64,plettenberg bay,-34.0527,23.3716,54.79,78,56,5.97,ZA,1690401678
65,malango,-2.9627,119.9001,64.53,98,61,1.59,ID,1690401501
66,iskateley,67.6803,53.1512,61.56,73,77,3.53,RU,1690401678
67,linqiong,30.4159,103.4609,75.02,93,99,1.28,CN,1690401679
68,stanley,54.868,-1.6985,60.06,79,0,12.66,GB,1690401478
69,gaigeturi,33.4644,126.3183,77.05,100,40,2.3,KR,1690401679
70,saipan,15.1355,145.701,80.65,100,100,11.99,MP,1690401679
71,turkmenabat,39.0733,63.5786,91.38,19,0,6.91,TM,1690401680
72,khandyga,62.6667,135.6,58.03,59,0,8.23,RU,1690401394
73,utrik,11.2278,169.8474,82.17,82,100,17.25,MH,1690401680
74,ocean city,39.2776,-74.5746,86.18,61,0,10.96,US,1690401680
75,dudinka,69.4058,86.1778,67.62,76,7,6.42,RU,1690401680
76,novyy urgal,51.0736,132.5642,59.92,98,12,1.01,RU,1690401681
77,atafu village,-8.5421,-172.5159,82.8,74,23,19.3,TK,1690401681
78,vorgashor,67.5833,63.95,57.96,90,100,6.08,RU,1690401418
79,luganville,-15.5333,167.1667,72.91,85,100,12.53,VU,1690401681
80,zhezqazghan,47.7833,67.7667,77.77,50,100,17.85,KZ,1690401681
81,vadso,70.0744,29.7487,50.88,93,100,5.75,NO,1690401682
82,selfoss,63.9331,-20.9971,61.05,69,100,6.85,IS,1690401401
83,road town,18.4167,-64.6167,86.04,70,20,13.8,VG,1690401682
84,quellon,-43.1167,-73.6167,48.45,81,100,3.44,CL,1690401683
85,longyearbyen,78.2186,15.6401,55.24,67,20,11.5,SJ,1690401537
86,crane,31.3974,-102.3501,97.34,21,31,17.67,US,1690401446
87,sterling,39.0062,-77.4286,93.18,52,40,8.05,US,1690401472
88,santa rosa,14.3122,121.1114,80.94,93,100,16.91,PH,1690401427
89,albany,42.6001,-73.9662,87.8,59,57,3.0,US,1690401560
90,badger,64.8,-147.5333,78.13,65,75,4.61,US,1690401684
91,vilyuysk,63.7553,121.6247,52.25,69,49,4.47,RU,1690401685
92,chonchi,-42.6128,-73.8092,50.13,87,100,2.71,CL,1690401685
93,saint-pierre,-21.3393,55.4781,67.68,83,75,4.61,RE,1690401460
94,alice springs,-23.7,133.8833,54.95,71,100,0.0,AU,1690401685
95,oak bay,48.4496,-123.3026,72.41,67,20,9.22,CA,1690401685
96,banda aceh,5.5577,95.3222,80.1,79,100,12.8,ID,1690401686
97,happy valley-goose bay,53.3168,-60.3315,79.11,38,40,18.41,CA,1690401686
98,yulinshi,38.2906,109.7494,75.2,60,100,8.08,CN,1690401686
99,shahr-e babak,30.1165,55.1186,82.9,26,8,13.06,IR,1690401686
100,sechura,-5.5569,-80.8222,81.03,57,96,12.55,PE,1690401686
101,hastings,50.8552,0.5729,60.93,46,100,11.97,GB,1690401688
102,sabratah,32.7933,12.4885,81.79,73,0,12.66,LY,1690401689
103,ta`u,-14.2336,-169.5144,77.61,74,93,12.37,AS,1690401689
104,westport,41.1415,-73.3579,90.28,60,13,5.99,US,1690401604
105,jaisinghnagar,23.7,81.3833,82.92,63,81,4.61,IN,1690401690
106,lompoc,34.6391,-120.4579,94.78,77,75,12.66,US,1690401652
107,ust'-ilimsk,58.0006,102.6619,60.49,86,98,2.98,RU,1690401528
108,arkalyk,50.2486,66.9114,63.55,78,56,8.16,KZ,1690401690
109,oxelosund,58.6706,17.1015,61.18,59,0,4.61,SE,1690401690
110,krotoszyn,51.6987,17.4374,60.57,57,100,7.18,PL,1690401691
111,xinyuan,37.3,99.0,43.81,94,100,2.17,CN,1690401691
112,tweed heads,-28.1817,153.547,55.99,87,40,4.61,AU,1690401548
113,lorengau,-2.0226,147.2712,82.2,79,81,13.82,PG,1690401692
114,merizo village,13.2658,144.6691,79.36,96,100,24.25,GU,1690401692
115,constantia,44.1833,28.65,75.88,79,19,7.96,RO,1690401692
116,ambad,19.6167,75.8,74.97,88,100,18.32,IN,1690401692
117,arraial do cabo,-22.9661,-42.0278,71.46,88,75,20.71,BR,1690401693
118,inverness,57.4791,-4.224,57.11,82,20,10.36,GB,1690401693
119,hermanus,-34.4187,19.2345,48.79,87,16,8.84,ZA,1690401693
120,harstad,68.799,16.5293,62.8,95,13,8.99,NO,1690401693
121,thompson,55.7435,-97.8558,60.96,63,75,5.75,CA,1690401694
122,portland,45.5234,-122.6762,81.52,46,20,8.05,US,1690401576
123,remire-montjoly,4.9167,-52.2667,82.44,83,4,2.3,GF,1690401699
124,ushuaia,-54.8,-68.3,35.26,64,40,12.66,AR,1690401699
125,rongelap,11.1635,166.8941,82.02,82,100,18.54,MH,1690401699
126,peniche,39.3558,-9.3811,69.3,93,13,18.43,PT,1690401700
127,enewetak,11.3474,162.3373,82.58,75,84,13.94,MH,1690401477
128,helena valley west central,46.6629,-112.0604,85.73,35,7,11.01,US,1690401700
129,bodo,67.28,14.405,64.44,70,0,5.75,NO,1690401700
130,tofol,5.3248,163.0078,82.63,76,100,7.54,FM,1690401700
131,tazovsky,67.4667,78.7,59.23,84,17,8.86,RU,1690401700
132,sharypovo,55.5403,89.2008,58.1,80,11,5.46,RU,1690401701
133,college,64.8569,-147.8028,78.21,70,96,0.85,US,1690401701
134,mateszalka,47.9553,22.3235,57.88,80,95,19.62,HU,1690401701
135,nova sintra,14.8667,-24.7167,73.72,85,67,11.65,CV,1690401701
136,bodaybo,57.8506,114.1933,62.4,89,2,1.3,RU,1690401701
137,daru,-9.0763,143.2092,76.15,86,95,15.66,PG,1690401441
138,egilsstadir,65.2653,-14.3948,46.31,81,75,12.66,IS,1690401702
139,weno,7.4515,151.8468,82.26,73,81,3.33,FM,1690401702
140,broken hill,-31.95,141.4333,51.08,58,0,11.68,AU,1690401702
141,ribeira grande,38.5167,-28.7,75.78,83,20,11.5,PT,1690401420
142,juegang,32.3174,121.1855,81.91,93,82,10.18,CN,1690401703
143,bredasdorp,-34.5322,20.0403,50.47,91,100,6.26,ZA,1690401703
144,salalah,17.0151,54.0924,76.44,92,100,7.99,OM,1690401703
145,tura,25.5198,90.2201,74.8,97,100,6.02,IN,1690401703
146,umm kaddadah,13.6017,26.6876,84.63,52,100,22.46,SD,1690401708
147,peebles,55.6519,-3.1888,61.52,81,100,1.99,GB,1690401708
148,papatowai,-46.5619,169.4708,41.41,91,100,28.57,NZ,1690401709
149,geraldton,-28.7667,114.6,50.41,93,75,5.75,AU,1690401695
150,guiuan,11.0333,125.7247,83.71,74,100,15.19,PH,1690401709
151,menongue,-14.6585,17.691,62.01,29,0,3.18,AO,1690401709
152,mo i rana,66.3128,14.1428,63.07,81,20,3.44,NO,1690401709
153,darwin,-12.4611,130.8418,67.98,77,100,3.44,AU,1690401477
154,belmonte,-15.8631,-38.8828,74.44,73,43,6.64,BR,1690401710
155,port-vila,-17.7338,168.3219,69.4,68,75,8.05,VU,1690401680
156,conception bay south,47.4999,-52.9981,83.35,55,98,12.33,CA,1690401476
157,bugene,-1.5911,31.1403,63.59,40,8,2.48,TZ,1690401711
158,pisco,-13.7,-76.2167,71.65,64,75,17.27,PE,1690401711
159,loreto,22.2667,-101.9667,73.51,39,100,9.57,MX,1690401712
160,morehead city,34.7229,-76.726,91.45,76,95,8.01,US,1690401712
161,wailua homesteads,22.0669,-159.378,81.03,83,72,3.0,US,1690401712
162,nikolayevsk-on-amure,53.1406,140.73,63.93,98,97,3.33,RU,1690401713
163,plastun,44.7561,136.2939,69.67,72,99,5.59,RU,1690401713
164,hithadhoo,-0.6,73.0833,83.07,78,69,16.91,MV,1690401713
165,olonkinbyen,70.9221,-8.7187,40.6,91,100,12.82,SJ,1690401424
166,tazacorte,28.629,-17.9293,74.37,87,20,12.66,ES,1690401714
167,gwadar,25.1216,62.3254,83.16,88,90,10.36,PK,1690401714
168,udachny,66.4167,112.4,59.45,82,100,4.07,RU,1690401715
169,al bawiti,28.3492,28.8659,90.41,20,5,9.26,EG,1690401715
170,sabang,5.8933,95.3214,82.53,80,99,19.55,ID,1690401715
171,goundi,9.3627,17.366,73.92,87,100,2.59,TD,1690401715
172,mokhotlong,-29.2894,29.0675,45.16,57,0,5.59,LS,1690401715
173,juneau,58.3019,-134.4197,57.11,100,99,0.69,US,1690401698
174,fort bragg,35.139,-79.006,97.2,44,20,6.91,US,1690401715
175,montepuez,-13.1256,38.9997,66.22,63,1,6.64,MZ,1690401716
176,port alfred,-33.5906,26.891,61.18,85,100,5.99,ZA,1690401716
177,cruz,-2.9178,-40.1717,83.77,61,25,18.88,BR,1690401716
178,lanark,55.6737,-3.7817,59.59,84,100,6.53,GB,1690401716
179,shaumiani,41.3527,44.7618,76.82,74,16,3.09,GE,1690401716
180,suomussalmi,64.8869,28.9078,56.52,85,95,2.57,FI,1690401716
181,alesund,62.4723,6.1549,61.72,93,75,10.36,NO,1690401716
182,saint-jean-de-monts,46.7833,-2.0667,64.35,93,0,9.08,FR,1690401717
183,chernyshevskiy,63.0128,112.4714,55.09,90,10,6.42,RU,1690401717
184,howard springs,-12.497,131.047,67.91,36,72,4.61,AU,1690401717
185,georgetown,5.4112,100.3354,82.33,92,40,2.3,MY,1690401622
186,altai,46.3722,96.2583,59.5,29,91,3.58,MN,1690401717
187,hasaki,35.7333,140.8333,79.3,89,16,7.54,JP,1690401717
188,walvis bay,-22.9575,14.5053,56.08,82,18,3.44,NA,1690401718
189,tralee,52.2704,-9.7026,64.65,94,100,16.11,IE,1690401718
190,susanville,40.4163,-120.653,93.81,13,0,8.99,US,1690401718
191,galle,6.0367,80.217,78.22,88,100,7.2,LK,1690401718
192,nuku'alofa,-21.1333,-175.2,68.34,73,40,4.61,TO,1690401444
193,holualoa,19.6228,-155.9522,82.87,83,3,3.0,US,1690401718
194,ciudad fernandez,21.95,-100.0,87.62,28,98,6.42,MX,1690401718
195,ciudad lazaro cardenas,17.9583,-102.2,89.6,55,33,11.21,MX,1690401667
196,east london,-33.0153,27.9116,63.93,65,57,6.98,ZA,1690401719
197,west island,-12.1568,96.8225,75.18,88,75,23.02,CC,1690401719
198,ola,59.5833,151.2833,61.14,95,100,4.54,RU,1690401719
199,lionel town,17.8101,-77.2406,91.29,61,100,6.62,JM,1690401719
200,barpeta,26.3167,91.0,80.51,87,87,7.05,IN,1690401719
201,djebeniana,35.035,10.9081,85.8,54,0,17.49,TN,1690401719
202,kavieng,-2.5744,150.7967,81.97,79,73,14.94,PG,1690401720
203,hawaiian paradise park,19.5933,-154.9731,81.73,87,73,1.01,US,1690401720
204,mercedes,-34.6515,-59.4307,61.86,51,5,13.89,AR,1690401720
205,yanbu,24.0891,38.0637,93.24,52,0,11.5,SA,1690401720
206,boende,-0.2167,20.8667,79.5,67,91,3.42,CD,1690401720
207,vyaz'ma,55.2104,34.2951,59.02,97,27,4.65,RU,1690401721
208,salym,60.0625,71.4789,58.15,97,81,5.77,RU,1690401721
209,anadyr,64.75,177.4833,50.5,93,75,8.95,RU,1690401725
210,kingston,17.997,-76.7936,92.25,66,20,10.36,JM,1690401620
211,farasan,16.7022,42.1183,89.58,73,66,5.66,SA,1690401726
212,subaykhan,34.8544,40.6083,97.48,17,0,9.48,SY,1690401727
213,polyarnyy,69.1989,33.4478,50.58,97,100,5.08,RU,1690401727
214,gadzhiyevo,69.2551,33.3362,50.23,97,100,5.01,RU,1690401728
215,banda,25.4833,80.3333,91.06,56,100,8.16,IN,1690401728
216,aioun,16.6614,-9.6149,96.96,36,13,13.76,MR,1690401728
217,saudarkrokur,65.7461,-19.6394,50.97,80,7,8.41,IS,1690401729
218,rikaze,29.25,88.8833,54.93,75,100,5.35,CN,1690401729
219,carbonear,47.7332,-53.2148,84.04,54,79,12.01,CA,1690401730
220,sable-sur-sarthe,47.8376,-0.3329,73.65,59,89,12.91,FR,1690401730
221,kruisfontein,-34.0033,24.7314,56.88,66,100,6.06,ZA,1690401444
222,vilhena,-12.7406,-60.1458,89.82,35,40,10.36,BR,1690401730
223,cockburn town,21.4612,-71.1419,83.66,82,64,20.33,TC,1690401730
224,minas de marcona,-15.2119,-75.1103,61.25,66,14,18.12,PE,1690401431
225,ancud,-41.8697,-73.8203,48.74,79,100,4.14,CL,1690401731
226,touros,-5.1989,-35.4608,79.34,75,14,16.87,BR,1690401502
227,lake charles,30.2131,-93.2044,96.03,54,40,4.61,US,1690401729
228,sao felix do xingu,-6.6447,-51.995,97.11,23,0,3.27,BR,1690401657
229,tulun,54.5611,100.5792,55.69,94,65,3.78,RU,1690401731
230,wotho,10.1657,166.0102,82.31,80,100,16.11,MH,1690401731
231,lerwick,60.1545,-1.1494,53.6,79,9,7.18,GB,1690401731
232,greenland,43.0362,-70.8328,90.48,55,2,1.99,US,1690401731
233,biltine,14.5333,20.9167,86.4,49,90,16.53,TD,1690401732
234,port elizabeth,-33.918,25.5701,62.89,77,0,10.36,ZA,1690401732
235,kijang,35.2442,129.2139,74.93,86,21,4.25,KR,1690401732
236,alamosa,37.4695,-105.87,87.78,16,0,4.61,US,1690401725
237,usogorsk,63.4106,48.6872,58.24,75,92,4.72,RU,1690401733
238,flin flon,54.7682,-101.865,53.44,94,100,8.05,CA,1690401733
239,macau,22.2006,113.5461,90.86,70,0,6.91,MO,1690401628
240,hammerfest,70.6634,23.6821,55.85,71,75,10.36,NO,1690401733
241,yanam,16.7333,82.2167,75.76,94,100,9.84,IN,1690401734
242,petropavlovsk-kamchatsky,53.0452,158.6483,57.79,94,0,4.47,RU,1690401735
243,namibe,-15.1961,12.1522,63.63,83,97,7.07,AO,1690401735
244,pangody,65.85,74.4859,68.95,63,94,7.27,RU,1690401735
245,barah,13.7,30.3667,80.47,65,98,14.79,SD,1690401736
246,kralendijk,12.15,-68.2667,81.79,85,100,18.95,BQ,1690401736
247,mount evelyn,-37.7833,145.3833,43.52,97,15,3.56,AU,1690401736
248,chios,38.3678,26.1358,83.66,57,56,7.96,GR,1690401736
249,colesberg,-30.72,25.0972,55.89,62,100,20.36,ZA,1690401737
250,buchanan,5.8808,-10.0467,76.41,91,71,7.85,LR,1690401737
251,amga,60.8953,131.9608,56.05,81,97,3.31,RU,1690401737
252,igarka,67.4667,86.5833,63.81,88,1,6.73,RU,1690401737
253,bonthe,7.5264,-12.505,76.8,91,72,8.61,SL,1690401737
254,carnarvon,-24.8667,113.6333,60.46,59,29,16.42,AU,1690401738
255,san andres,12.5847,-81.7006,87.82,70,20,14.97,CO,1690401445
256,black river,18.0264,-77.8487,87.93,62,100,8.88,JM,1690401738
257,salinas,36.6777,-121.6555,91.0,63,0,11.5,US,1690401538
258,rye,40.9807,-73.6837,91.35,60,40,0.0,US,1690401606
259,padang,-0.9492,100.3543,77.13,85,100,3.18,ID,1690401739
260,ipsala,40.9212,26.3827,82.2,57,20,5.84,TR,1690401739
261,horezu,45.15,24.0167,64.85,85,89,4.54,RO,1690401740
262,codrington,-38.2667,141.9667,44.96,81,5,12.28,AU,1690401740
263,zubtsov,56.1753,34.5894,58.77,97,28,5.01,RU,1690401740
264,katsuren-haebaru,26.3369,127.8719,83.17,91,100,13.8,JP,1690401741
265,salekhard,66.53,66.6019,61.02,93,85,15.75,RU,1690401741
266,al wajh,26.2455,36.4525,87.75,79,0,4.61,SA,1690401714
267,jiuquan,39.7432,98.5174,77.07,31,100,3.38,CN,1690401741
268,souillac,-20.5167,57.5167,68.38,94,20,3.44,MU,1690401741
269,luau,-10.7073,22.2247,68.0,31,0,2.86,AO,1690401742
270,irara,-12.05,-38.7667,76.68,60,78,11.61,BR,1690401742
271,arar,30.9753,41.0381,98.62,8,0,3.44,SA,1690401742
272,prainha,-1.8,-53.48,89.06,50,55,4.05,BR,1690401742
273,ghat,24.9647,10.1728,94.82,9,0,9.86,LY,1690401742
274,palikir - national government center,6.9248,158.1611,82.08,74,100,7.52,FM,1690401563
275,christchurch,-43.5333,172.6333,42.94,76,20,5.75,NZ,1690401562
276,isafjordur,66.0755,-23.124,46.94,82,83,10.98,IS,1690401743
277,saint-leu,-21.15,55.2833,67.06,93,22,11.95,RE,1690401743
278,sychevka,55.8252,34.2736,58.78,95,15,5.44,RU,1690401744
279,pandan,14.0453,124.1694,81.1,83,100,13.22,PH,1690401744
280,ceret,42.4853,2.748,75.09,61,86,4.47,FR,1690401744
281,enkoping,59.6361,17.0777,62.46,69,79,5.59,SE,1690401744
282,grantsville,40.5999,-112.4644,95.95,32,40,16.11,US,1690401744
283,aginskoye,51.1,114.53,54.97,94,11,3.85,RU,1690401608
284,dubrovytsya,51.5744,26.565,61.34,97,100,6.4,UA,1690401745
285,shush,32.1942,48.2436,102.07,10,0,13.76,IR,1690401745
286,urangan,-25.3,152.9,65.55,63,73,13.24,AU,1690401745
287,alofi,-19.0595,-169.9187,67.89,94,79,0.0,NU,1690401745
288,manokwari,-0.8667,134.0833,78.15,79,42,3.04,ID,1690401746
289,izumo,35.3667,132.7667,76.95,89,0,2.68,JP,1690401746
290,balugaon,20.1667,85.1,79.68,93,99,5.41,IN,1690401746
291,langepas,61.2544,75.2124,59.05,98,80,4.83,RU,1690401746
292,pacific grove,36.6177,-121.9166,79.39,84,34,8.01,US,1690401746
293,buala,-8.145,159.5921,79.5,86,99,4.59,SB,1690401506
294,longgang,37.6508,120.3286,77.59,85,100,8.01,CN,1690401746
295,coquimbo,-29.9533,-71.3436,58.73,82,100,10.36,CL,1690401747
296,gamba,-2.65,10.0,70.52,93,49,7.18,GA,1690401747
297,mikhaylov,54.2292,39.0186,67.98,87,38,7.02,RU,1690401747
298,kasongo-lunda,-6.4667,16.8167,77.29,39,5,1.43,CD,1690401522
299,palencia,42.4167,-4.5,78.8,41,0,4.5,ES,1690401748
300,santo andre,-23.6639,-46.5383,78.85,38,0,9.22,BR,1690401598
301,nadi,-17.8,177.4167,68.0,94,75,6.91,FJ,1690401547
302,iwanai,42.9744,140.5089,70.88,90,100,4.29,JP,1690401748
303,nyrob,60.733,56.7202,53.46,91,26,1.32,RU,1690401748
304,urucara,-2.5364,-57.76,97.66,28,3,3.96,BR,1690401749
305,sisimiut,66.9395,-53.6735,45.68,78,53,6.96,GL,1690401749
306,changling,44.2653,124.0005,72.0,62,99,3.0,CN,1690401749
307,beau vallon,-20.4189,57.6953,70.21,94,20,3.44,MU,1690401640
308,neftcala,39.3742,49.2472,77.14,71,1,4.94,AZ,1690401749
309,st. john's,47.5649,-52.7093,83.59,42,75,16.11,CA,1690401539
310,xiaoshi,41.2971,124.1209,71.28,98,47,4.99,CN,1690401749
311,uturoa,-16.7333,-151.4333,77.97,84,40,9.04,PF,1690401750
312,queenstown,-31.8976,26.8753,56.97,59,99,6.35,ZA,1690401519
313,lucas,41.6501,-83.6666,72.18,96,100,14.97,US,1690401750
314,martapura,-3.4167,114.85,71.69,100,51,2.3,ID,1690401750
315,fort mcmurray,56.7268,-111.381,65.79,59,100,11.5,CA,1690401648
316,kirakira,-10.4544,161.9205,78.53,90,82,9.75,SB,1690401750
317,buka,40.8108,69.1986,82.6,16,0,7.94,UZ,1690401751
318,kirovskiy,45.0917,133.5136,68.59,90,44,2.98,RU,1690401751
319,soto la marina,23.7667,-98.2167,101.73,25,10,18.81,MX,1690401751
320,mammoth lakes,37.6485,-118.9721,83.12,23,0,9.22,US,1690401752
321,wladyslawowo,54.7909,18.4009,58.55,73,100,11.43,PL,1690401752
322,nemuro,43.3236,145.575,61.12,99,54,1.9,JP,1690401463
323,antsiranana,-12.2787,49.2917,73.08,71,9,16.17,MG,1690401752
324,huarmey,-10.0681,-78.1522,73.29,68,9,10.78,PE,1690401752
325,cabedelo,-6.9811,-34.8339,83.07,81,8,15.37,BR,1690401752
326,sakaiminato,35.55,133.2333,76.98,100,20,3.44,JP,1690401753
327,yuzhno-kurilsk,44.0306,145.8556,65.1,97,89,3.38,RU,1690401753
328,piritiba,-11.7303,-40.5553,73.04,66,85,8.1,BR,1690401753
329,maisi,43.0395,41.2621,68.31,79,0,4.27,GE,1690401753
330,mount gambier,-37.8333,140.7667,45.1,79,4,9.44,AU,1690401754
331,lubango,-14.9172,13.4925,62.46,36,69,5.75,AO,1690401754
332,ribeira brava,32.65,-17.0667,75.0,73,55,3.27,PT,1690401754
333,hwange,-18.3693,26.5019,62.17,50,0,1.72,ZW,1690401755
334,ndelele,4.0333,14.9333,69.64,98,62,2.26,CM,1690401755
335,thisted,56.9552,8.6949,57.15,85,100,22.66,DK,1690401755
336,la passe,45.5549,-0.8967,68.23,86,3,6.91,FR,1690401755
337,lask,51.5906,19.1328,57.13,98,100,5.86,PL,1690401755
338,rehoboth,-23.3167,17.0833,58.64,20,10,8.59,NA,1690401755
339,novo aripuana,-5.1206,-60.3797,99.03,24,49,3.42,BR,1690401756
340,hargeysa,9.56,44.065,73.44,50,8,25.08,SO,1690401469
341,loughrea,53.1969,-8.5669,60.89,98,100,13.29,IE,1690401756
342,onega,63.9061,38.1404,55.29,84,100,4.23,RU,1690401756
343,nuuk,64.1835,-51.7216,40.87,93,100,18.99,GL,1690401518
344,gbawe,5.5771,-0.3104,79.21,89,40,12.66,GH,1690401756
345,key west,24.5557,-81.7826,84.0,72,99,10.0,US,1690401756
346,bonnyville,54.2668,-110.735,60.6,91,100,10.4,CA,1690401648
347,ballycastle,55.2044,-6.243,61.54,99,100,12.3,GB,1690401757
348,kristiansund,63.1115,7.732,61.45,88,20,8.05,NO,1690401757
349,yigo village,13.5361,144.8886,78.12,91,100,20.71,GU,1690401757
350,oriximina,-1.7656,-55.8661,93.74,36,3,6.35,BR,1690401534
351,ust-tsilma,65.441,52.1498,57.02,88,9,2.62,RU,1690401758
352,letlhakeng,-24.0944,25.0298,57.61,53,0,8.23,BW,1690401758
353,naze,28.3667,129.4833,81.52,83,100,14.09,JP,1690401758
354,sijunjung,-0.6876,100.9537,71.28,93,100,2.62,ID,1690401758
355,hilo,19.7297,-155.09,91.27,94,55,5.99,US,1690401759
356,yuxi,24.355,102.5422,65.17,92,100,2.3,CN,1690401759
357,puerto palomas,31.7667,-107.6167,101.98,12,0,6.6,MX,1690401760
358,port blair,11.6667,92.75,81.81,84,100,16.28,IN,1690401760
359,ratnagiri,16.9833,73.3,78.37,90,100,17.22,IN,1690401760
360,yung shue wan,22.2333,114.1167,91.56,71,45,1.99,HK,1690401760
361,campbell river,50.0163,-125.2446,67.59,59,40,6.91,CA,1690401645
362,autazes,-3.5797,-59.1306,98.67,26,3,4.12,BR,1690401715
363,labasa,-16.4167,179.3833,72.66,90,99,5.01,FJ,1690401760
364,mount isa,-20.7333,139.5,64.17,77,40,8.05,AU,1690401672
365,hassi messaoud,31.6804,6.0729,111.06,8,0,2.3,DZ,1690401761
366,talnakh,69.4865,88.3972,67.21,66,7,5.06,RU,1690401761
367,villa gesell,-37.2639,-56.973,53.06,78,15,20.36,AR,1690401761
368,libenge,3.65,18.6333,72.59,91,42,2.68,CD,1690401762
369,galliano,29.4422,-90.2992,96.01,38,0,9.31,US,1690401762
370,tocopilla,-22.092,-70.1979,66.11,70,9,4.5,CL,1690401535
371,kroya,-7.6331,109.2461,70.25,90,23,6.15,ID,1690401762
372,as sulayyil,20.4607,45.5779,97.05,9,8,5.39,SA,1690401762
373,uruzgan,32.8333,66.0,81.07,31,40,3.51,AF,1690401762
374,la sarre,48.8002,-79.1996,74.32,62,100,14.52,CA,1690401763
375,kushk,33.2957,61.9522,88.18,12,1,22.95,AF,1690401763
376,hugo,45.16,-92.9933,92.95,59,40,9.22,US,1690401763
377,richfield,44.8833,-93.283,93.22,54,0,12.66,US,1690401763
378,emerald,-23.5333,148.1667,49.33,84,39,7.7,AU,1690401763
379,al kharj,24.155,47.3346,100.98,12,83,11.48,SA,1690401767
380,carpinis,45.7872,20.9042,68.07,58,7,13.65,RO,1690401767
381,mahdia,35.5047,11.0622,82.35,61,0,26.6,TN,1690401768
382,kuanda,56.3161,116.0806,64.18,75,73,2.66,RU,1690401768
383,tshabong,-26.05,22.45,58.84,25,22,7.07,BW,1690401768
384,anahuac,27.2333,-100.15,102.85,16,0,19.22,MX,1690401768
385,mokhsogollokh,61.4681,128.9203,53.04,73,75,3.38,RU,1690401768
386,nadym,65.5333,72.5167,64.65,78,26,7.81,RU,1690401768
387,charlotte amalie,18.3419,-64.9307,87.53,70,40,16.11,VI,1690401552
388,bubaque,11.2833,-15.8333,81.45,82,74,14.07,GW,1690401769
389,axim,4.8699,-2.2405,76.8,90,87,5.75,GH,1690401769
390,griffith,41.5284,-87.4237,90.27,70,40,18.41,US,1690401662
391,santa elena de uairen,4.6167,-61.1333,75.47,76,93,3.4,VE,1690401769
392,karratha,-20.7377,116.8463,66.15,72,25,6.24,AU,1690401769
393,fortuna,40.5982,-124.1573,69.93,75,0,14.97,US,1690401770
394,doctor juan leon mallorquin,-25.4,-55.2667,74.93,52,91,5.97,PY,1690401770
395,matoury,4.8483,-52.3317,82.36,83,10,2.3,GF,1690401770
396,kill devil hills,36.0307,-75.676,87.82,70,40,12.66,US,1690401770
397,turan,16.0678,108.2208,80.58,89,20,3.44,VN,1690401770
398,hadibu,12.65,54.0333,77.47,78,22,19.86,YE,1690401770
399,balakovo,52.0278,47.8007,72.41,55,5,6.53,RU,1690401770
400,masterton,-40.9597,175.6575,42.87,86,99,5.61,NZ,1690401555
401,nelson,-41.2833,173.2833,44.01,89,100,2.93,NZ,1690401771
402,kavaratti,10.5669,72.642,82.78,74,100,14.97,IN,1690401501
403,sur,22.5667,59.5289,83.82,72,100,13.38,OM,1690401771
404,menaka,15.9182,2.4022,98.62,28,99,0.56,ML,1690401771
405,damara,4.9608,18.7035,71.6,93,99,0.74,CF,1690401771
406,antalaha,-14.9003,50.2788,68.14,85,54,7.52,MG,1690401771
407,tra vinh,9.9347,106.3453,79.16,88,100,9.71,VN,1690401772
408,hami,42.8,93.45,84.45,15,1,10.36,CN,1690401772
409,faaa,-17.55,-149.6,80.56,78,75,5.75,PF,1690401772
410,middleborough center,41.8946,-70.9262,90.86,57,0,12.66,US,1690401772
411,kamaishi,39.2667,141.8833,74.21,85,2,5.57,JP,1690401772
412,tyre,33.2733,35.1939,79.12,64,0,0.92,LB,1690401772
413,chikmagalur,13.3167,75.7833,65.84,97,100,8.72,IN,1690401773
414,martuk,50.7475,56.5056,71.76,50,13,6.87,KZ,1690401773
415,abeche,13.8292,20.8324,82.74,58,16,14.72,TD,1690401773
416,westhill,57.1526,-2.2797,56.43,84,14,12.66,GB,1690401773
417,qamdo,31.1667,97.2333,36.18,90,4,5.93,CN,1690401773
418,miramichi,47.0043,-65.4654,85.06,32,46,11.18,CA,1690401773
419,ribas do rio pardo,-20.4431,-53.7592,89.02,24,12,3.09,BR,1690401773
420,zaragoza,41.6561,-0.8773,81.81,35,0,6.91,ES,1690401538
421,north bend,43.4065,-124.2243,81.25,63,0,19.57,US,1690401744
422,brookings,44.3114,-96.7984,96.12,47,0,4.0,US,1690401774
423,labytnangi,66.6572,66.4183,61.16,89,95,16.22,RU,1690401774
424,ust-nera,64.5667,143.2,52.12,82,92,7.05,RU,1690401774
425,soure,-0.7167,-48.5233,85.21,68,9,10.54,BR,1690401774
426,kupang,-10.1667,123.5833,69.78,85,2,8.14,ID,1690401774
427,ciutadella,40.0011,3.8414,74.21,68,0,7.52,ES,1690401775
428,fujikawaguchiko,35.4893,138.6883,68.38,75,38,0.43,JP,1690401775
429,ramganj,23.1,90.85,81.45,85,98,12.8,BD,1690401775
430,tahe,52.3333,124.7333,59.67,91,44,2.62,CN,1690401775
431,qaqortoq,60.7167,-46.0333,45.43,80,92,5.7,GL,1690401775
432,lai,9.3952,16.2989,73.58,86,86,4.9,TD,1690401776
433,vila franca do campo,37.7167,-25.4333,75.61,74,46,4.9,PT,1690401776
434,okhotsk,59.3833,143.3,58.03,96,100,4.7,RU,1690401776
435,eilat,29.5581,34.9482,100.24,16,0,9.22,IL,1690401776
436,lhokseumawe,5.1801,97.1507,79.43,86,83,3.15,ID,1690401776
437,laguna,38.421,-121.4238,94.17,41,0,10.36,US,1690401776
438,luderitz,-26.6481,15.1594,56.53,69,0,11.48,NA,1690401777
439,cole harbour,44.6724,-63.4751,81.79,65,20,14.97,CA,1690401566
440,calderitas,18.55,-88.25,86.97,66,100,3.91,MX,1690401777
441,mejit,10.2753,170.8646,82.38,79,100,17.2,MH,1690401777
442,cova figueira,14.8905,-24.2934,74.55,88,52,11.34,CV,1690401777
443,rawson,-43.3002,-65.1023,44.33,48,100,11.77,AR,1690401777
444,acajutla,13.5928,-89.8275,90.25,53,51,6.64,SV,1690401777
445,saldanha,-33.0117,17.9442,50.05,88,89,6.67,ZA,1690401778
446,kayyerkan,69.3786,87.7439,67.3,82,7,0.58,RU,1690401778
447,kapuskasing,49.4169,-82.4331,71.69,73,100,4.61,CA,1690401607
448,kapa'a,22.0752,-159.319,82.38,83,85,3.0,US,1690401778
449,markovo,57.3206,107.0881,60.73,97,95,2.51,RU,1690401778
450,jayapura,-2.5333,140.7,78.19,93,100,4.05,ID,1690401576
451,xining,36.6167,101.7667,56.86,95,100,3.27,CN,1690401778
452,fandriana,-20.2333,47.3833,49.5,91,95,3.91,MG,1690401778
453,xichang,27.8964,102.2634,66.69,93,98,2.51,CN,1690401779
454,yeniseysk,58.4497,92.1703,59.14,96,95,3.42,RU,1690401779
455,severo-yeniseyskiy,60.3725,93.0408,58.19,97,100,2.44,RU,1690401779
456,kailua-kona,19.6406,-155.9956,86.59,83,4,3.0,US,1690401779
457,chertkovo,49.3847,40.1547,73.63,46,3,7.63,RU,1690401779
458,saacow,1.6279,42.4407,76.06,70,97,15.84,SO,1690401779
459,leava,-14.3,-178.1667,78.42,76,93,17.54,WF,1690401779
460,rahimah,26.7079,50.0619,91.62,55,70,2.15,SA,1690401780
461,vorkuta,67.5,64.0,58.42,90,100,6.96,RU,1690401780
462,fauske,67.2588,15.3918,64.44,79,95,3.33,NO,1690401780
463,port douglas,-16.4833,145.4667,71.26,82,60,18.81,AU,1690401780
464,suwayr,30.1171,40.3893,95.94,14,28,10.96,SA,1690401780
465,praia,14.9215,-23.5087,82.94,74,75,8.05,CV,1690401781
466,nishinoomote,30.7333,131.0,81.12,86,27,8.7,JP,1690401781
467,northam,51.0333,-4.2167,63.66,97,100,23.51,GB,1690401781
468,pingnan,23.5543,110.3976,81.28,82,48,0.67,CN,1690401781
469,sault ste. marie,46.5168,-84.3333,73.96,88,75,12.66,CA,1690401644
470,tongchuanshi,35.0806,109.0897,72.77,76,94,5.17,CN,1690401781
471,sudzha,51.1976,35.2726,71.44,71,87,0.34,RU,1690401781
472,perevolotskiy,51.8763,54.1938,68.88,64,7,2.73,RU,1690401782
473,kerikeri,-35.2268,173.9474,48.04,85,99,5.08,NZ,1690401782
474,lamballe,48.4676,-2.5144,69.91,79,100,4.0,FR,1690401782
475,kudat,6.8837,116.8477,77.29,94,20,2.3,MY,1690401782
476,conduaga,8.862,117.4893,79.11,86,100,9.62,PH,1690401782
477,tsumeb,-19.2333,17.7167,67.24,20,0,5.64,NA,1690401782
478,gamay,12.3854,125.2979,78.01,85,100,6.44,PH,1690401783
479,bristol,41.8334,-71.1662,90.57,59,1,5.99,US,1690401584
480,seryshevo,51.0933,128.3786,64.69,88,1,4.76,RU,1690401783
481,kathu,7.9178,98.3332,86.7,71,100,14.0,TH,1690401783
482,usinsk,65.9939,57.5281,58.05,93,82,6.87,RU,1690401783
483,bargaal,11.2864,51.0773,84.0,58,5,26.4,SO,1690401784
484,"laikit, laikit ii (dimembe)",1.4792,124.9735,70.65,94,20,2.3,ID,1690401784
485,acapulco de juarez,16.8634,-99.8901,91.49,56,19,11.7,MX,1690401784
486,ubari,26.5921,12.7805,94.1,8,0,7.07,LY,1690401784
487,mouila,-1.8685,11.0559,77.13,73,26,2.24,GA,1690401784
488,saint-philippe,-21.3585,55.7679,67.59,82,31,9.75,RE,1690401784
489,ayvacik,39.6011,26.4047,80.24,30,45,6.08,TR,1690401785
490,kindu,-2.95,25.95,77.22,37,52,0.25,CD,1690401785
491,guerrero negro,27.9769,-114.0611,83.23,44,16,10.09,MX,1690401785
492,gordonvale,-17.0936,145.7842,67.91,93,95,8.72,AU,1690401785
493,mana,5.6592,-53.7767,82.65,77,13,9.06,GF,1690401787
494,bereket,39.2446,55.5154,82.4,66,88,12.48,TM,1690401787
495,balangiga,11.1097,125.3875,81.03,80,100,8.41,PH,1690401787
496,chake chake,-5.2459,39.7666,75.49,78,21,15.43,TZ,1690401787
497,sirjan,29.452,55.6814,82.85,43,2,11.32,IR,1690401787
498,valdivia,-39.8142,-73.2459,51.89,86,100,0.54,CL,1690401584
499,aflou,34.1128,2.1023,84.43,13,3,8.61,DZ,1690401788
500,turpan,42.9333,89.1667,99.0,11,3,6.08,CN,1690401788
501,bathsheba,13.2167,-59.5167,86.61,83,20,18.41,BB,1690401788
502,opuwo,-18.0607,13.84,65.68,32,0,5.57,NA,1690401789
503,sona,45.4388,10.8255,74.75,60,20,4.61,IT,1690401789
504,flying fish cove,-10.4217,105.6791,76.68,83,75,8.05,CX,1690401789
505,okha,53.5739,142.9478,54.81,98,100,3.98,RU,1690401789
506,san blas,21.5167,-105.2667,94.89,60,93,6.6,MX,1690401789
507,prosser,46.2068,-119.7689,81.43,38,5,1.01,US,1690401789
508,parauapebas,-6.0675,-49.9022,91.38,37,0,2.3,BR,1690401784
509,klaksvik,62.2266,-6.589,49.12,72,47,5.82,FO,1690401789
510,strezhevoy,60.7333,77.5889,58.91,97,28,5.17,RU,1690401790
511,fortuna foothills,32.6578,-114.4119,110.55,29,20,13.8,US,1690401790
512,taksimo,56.3444,114.8794,63.25,79,72,1.32,RU,1690401790
513,princeville,45.7668,-61.2985,83.62,63,0,8.01,CA,1690401790
514,sao joao da barra,-21.6403,-41.0511,77.09,78,12,15.82,BR,1690401790
515,whakatane,-37.9585,176.9854,34.52,98,18,4.09,NZ,1690401790
516,saint-paul-les-dax,43.7272,-1.0516,69.78,91,0,2.3,FR,1690401791
517,shira,54.4911,89.9531,56.16,78,5,4.79,RU,1690401791
518,jalai nur,49.45,117.7,59.9,88,98,6.06,CN,1690401791
519,gaspe,48.8334,-64.4819,75.42,69,40,9.22,CA,1690401729
520,homer,59.6425,-151.5483,67.77,80,9,4.81,US,1690401791
521,san pedro de ycuamandiyu,-24.0917,-57.0764,79.83,42,80,5.5,PY,1690401791
522,batie,9.8833,-2.9167,78.85,75,31,4.14,BF,1690401792
523,czaplinek,53.5578,16.2333,56.55,74,88,5.64,PL,1690401792
524,bengkulu,-3.8004,102.2655,75.67,91,83,5.61,ID,1690401792
525,coahuayana de hidalgo,18.7,-103.6583,91.24,58,92,6.71,MX,1690401792
526,dejen,10.1667,38.1333,56.46,88,90,4.59,ET,1690401792
527,rio grande,-32.035,-52.0986,66.31,86,72,18.61,BR,1690401788
528,acarau,-2.8856,-40.12,82.65,66,29,19.89,BR,1690401792
529,bikenibeu village,1.3673,173.1241,80.56,89,40,2.3,KI,1690401793
530,canguaretama,-6.38,-35.1289,78.31,76,4,13.94,BR,1690401717
531,lae,-6.7221,146.9847,68.67,83,62,7.18,PG,1690401793
532,vershino-darasunskiy,52.35,115.5167,51.78,96,14,2.17,RU,1690401793
533,brisas de zicatela,15.8369,-97.0419,89.26,58,12,7.52,MX,1690401793
534,san rafael,-34.6177,-68.3301,57.25,40,56,11.54,AR,1690401653
535,el nido,11.1858,119.3956,82.09,81,100,19.91,PH,1690401794
536,nar'yan-mar,67.6713,53.087,61.88,71,75,3.56,RU,1690401794
537,bull savanna,17.8868,-77.5902,84.63,63,100,8.25,JM,1690401794
538,ban talat bueng,13.0715,101.0031,84.94,77,100,8.57,TH,1690401794
539,namtsy,62.7161,129.6658,55.49,78,96,2.89,RU,1690401795
540,lyndon,38.2567,-85.6016,91.26,63,75,12.66,US,1690401736
541,caleta de carquin,-11.0925,-77.6267,66.88,81,29,13.8,PE,1690401610
542,dunedin,-45.8742,170.5036,44.8,63,83,10.0,NZ,1690401600
543,bridgewater,44.3835,-64.5155,84.11,71,65,12.66,CA,1690401498
544,siwa oasis,29.2041,25.5195,93.56,17,0,6.13,EG,1690401797
545,kittila,67.6647,24.8936,60.94,77,0,2.3,FI,1690401797
546,muynoq,43.7683,59.0214,83.21,46,100,17.13,UZ,1690401797
547,natal,-5.795,-35.2094,84.42,65,20,16.11,BR,1690401798
548,zheleznodorozhnyy,55.7503,38.0042,71.15,90,29,9.8,RU,1690401798
549,burang,30.25,81.1667,51.3,86,100,4.16,CN,1690401798
550,priozersk,61.0393,30.1291,62.1,91,100,1.25,RU,1690401798
551,binka,21.0333,83.8,79.63,88,99,8.97,IN,1690401798
552,port moresby,-9.4431,147.1797,72.82,94,75,3.44,PG,1690401725
553,sola,-13.8833,167.55,76.71,82,100,28.5,VU,1690401798
554,dryden,49.7833,-92.7503,79.09,61,40,5.75,CA,1690401760
555,arkhangel'sk,64.5401,40.5433,57.33,85,100,2.35,RU,1690401799
556,beinamar,8.6698,15.3813,74.03,78,34,3.98,TD,1690401799
557,iglas,27.7167,77.9333,81.32,84,100,5.23,IN,1690401799
558,maymana,35.9214,64.7836,87.12,14,9,5.57,AF,1690401799
559,moshi,-3.35,37.3333,71.98,71,81,1.99,TZ,1690401800
560,ayacucho,-13.1583,-74.2239,78.66,8,0,3.44,PE,1690401800
561,bandarbeyla,9.4942,50.8122,74.79,83,16,31.16,SO,1690401800
562,san ignacio,17.1561,-89.0714,89.74,58,40,4.61,BZ,1690401800
563,tikhvin,59.6451,33.5294,58.21,97,4,4.52,RU,1690401800
564,evanston,42.0411,-87.6901,90.1,64,100,9.22,US,1690401544
565,cantanhede,-3.6333,-44.3767,91.53,43,23,2.3,BR,1690401789
566,washim,20.1,77.15,76.86,86,100,16.33,IN,1690401801
567,melekeok village,7.4957,134.6367,79.11,84,100,17.56,PW,1690401801
568,barra de santo antonio,-9.4047,-35.5072,79.88,76,33,5.77,BR,1690401802
